i1,i2,i3,i4,i5,i6
-0.24049514440662248,-0.41512427843137806,0.316374957653738,-0.63083956155263,-0.1549815174949275,-0.21776217772668766
0.6349145328452598,0.14403045882613374,0.4287461042291767,0.9252509303583529,0.7270537562391471,0.4358655126292274
-1.5772479348728465,-1.8853843011544997,-1.7134633450772196,-1.0966933489186903,-1.4501865695029563,-0.8992304391960559
0.1935898735829253,-0.4642991369672819,-0.14288235313951486,0.40678958940427085,-0.7409416645130231,-1.1674722965188824
-0.9365756377199193,-0.12745798130475244,-0.04050023151696665,-0.7370401427505974,-0.09591769628800262,-1.8007463020730425
0.9594678169270284,1.4788644622730716,0.14696683497415608,0.5392604155239888,0.3764522850482561,0.18596853280851727
0.018730776485408135,0.8609775818741441,0.929407552610637,0.7572233840624815,1.7126126061892186,0.808379794398765
1.0772391895287992,0.17975374491247717,0.3432679381530349,-0.47621952339211054,0.856141209890769,-0.19505074822550933
-0.11915667129505944,0.5687797395616604,0.047356777128345545,-0.9506185845604934,-0.25497872105792424,-0.6387917668791555
0.8231268114775054,0.6576421891718981,0.7638813223382237,0.23913895518799208,-0.7773120077610357,0.3089320782492767
-0.657891584200238,-0.8898208153212717,-0.18973519143828657,-0.5254384203861747,-0.8505042868922714,-0.11192946330943349
0.3586012978654358,0.7106018947475509,0.5848591022485308,-0.022333723440341423,0.19297301734076036,-0.5005953978450551
-0.05194840792400607,-0.34571483344494996,-1.1688119670289463,-1.2059057707855585,-0.3338930180088283,-0.3673451694537754
0.41585270377050176,0.4414563933810252,0.49239056088512934,0.7720284944783324,-0.14606777930684017,-0.24496091247283547
-0.1187275464717431,0.5041851093740918,0.8706801986584864,0.1918273163581253,-0.7407392858765343,-0.4445854554893517
1.2978100537997022,1.2942954488223068,1.2950576875254654,-0.09360574767923367,-0.12384997102799374,0.2947946933188254
-0.7953792436386335,-0.894291037804829,-0.18376455442826228,-1.3932813869722096,-0.5118046881526379,-0.5491041135502711
0.5393316468693103,1.3460546590569236,0.20764086005626842,1.8919099531700982,0.8376819807743484,0.24642217579679615
-0.1437098023724815,-0.6957944049289811,-0.46006117572261407,-0.5048549423285389,-0.3971975364775711,-0.8737823718709296
-0.15019337849964126,0.00010649751478575276,0.1017285788608484,0.6762621418972119,0.9778153289534043,-0.43216840189559724
0.5058608169104651,0.2487614033028191,0.6010872707649958,0.25169668312596843,0.44408279803203304,1.2643493924656308
-0.5855655419134538,-0.27810153927091646,-0.5587699274146558,0.15324906730508153,0.07700204240296785,0.3309832704701909
0.6396058979817134,0.8616449452863963,0.2319435330940855,0.4519155570133041,-0.33636971021563616,0.11937177408031621
1.1426328364336351,1.0767968030650636,0.7164043017602395,0.6648965986201434,0.5192559973204587,0.7402261392563818
0.6801003780371051,0.3592577907202893,0.6297470132446316,-1.1968128572354466,0.32481991795072507,-1.5605347445508337
-0.48113419179659683,0.5148286533167121,0.44883619214497383,0.010849569476861998,0.1963881603368804,1.0731011728978368
-1.4155053367279677,-0.13150340676400174,-1.0368565686461872,-0.21783627547483764,0.2692666940780475,-0.23766544015585545
-0.8912406995694312,-0.49798852121852843,-0.3772295817026649,-1.1722732875146575,-0.6648387164297963,-0.8047195687838256
0.34534132087643793,0.03345985164851159,-0.24511059741336533,1.1206569550846892,1.1803395540245691,1.3102681951631436
-1.045707559996668,-0.9728460182607825,-0.06056221632455766,0.5024879796117316,-0.04124484307896925,0.8342190116517714
-1.171267907576512,-2.0012069489752378,-1.0914863196717293,-0.10518260955743225,-0.3351203349638834,-0.0341713418782047
-0.4430964089209048,0.35896621828093395,0.007059370379766866,0.26799760017183294,0.8558297325240865,1.0841668150101484
1.455782511924438,1.2440855623022873,0.48814558588141205,0.8645245195010801,1.046764705671782,0.6454344708143482
-0.2663713525050118,0.03979233625826872,-0.2939023309188042,-0.7329330627246452,-0.5855854849618274,-0.0558228384974348
0.6685972535575417,0.767880751801375,0.8925535596269123,-0.23592453008350087,0.32552981216077465,0.07946493820200479
-1.689543669180851,-0.4777206685701534,-1.1749799217273316,-1.7789913079699096,-1.511588028317135,-1.3165556882745775
-0.6623677610000226,-0.7382478303889506,-0.7703329484367065,0.5846492511099657,0.387896627676798,0.44426144832748304
0.3674119300611407,0.48765270576409636,-0.8143567208470653,0.4026336433422636,-0.4418666530588523,0.5066880017099739
-0.32803298546251136,0.17383099256446255,0.24328560884276618,0.17535525994128326,-0.1703456134715494,0.30793765208245527
0.23197472440590444,0.4221641213679597,0.8662072914234693,-0.4359152980746977,0.22438404196404715,0.11956755780573605
-0.13042872176960563,0.6815448947058913,0.6010012246540327,-0.43799657977988404,-0.7709737262788203,-0.8271521052277917
-0.5705650262582505,-0.08538356054217122,-0.7032559126260958,-0.14481518797622897,-0.8995514854787843,-0.37720008112456593
-0.8586329788343697,0.27647470320257006,-1.4325311728572139,0.9324005749901215,0.25328250004510644,0.4661161173776387
-0.3210158992647184,-0.1500505691550349,-0.3971152291684303,0.6173776426177338,-0.2664517768857681,0.4947813235799065
0.13928524063186126,0.4004263397033442,-0.1235339284949652,0.6100602808709301,1.0573170614752847,0.301798875246872
0.4338609743105273,-0.017311624327390918,0.35766360795694047,-0.7290072935849476,-0.38485144105962205,0.06638313704115373
0.24694546825766528,0.9347134218842013,-0.5642580172581328,0.5397806705609134,-0.013594788805680783,-0.14502910427255616
-1.2999112911319641,-1.4547052786760037,-1.203811650866277,-1.5101733446062742,-1.9675838663205028,-1.7919767935289992
-0.8639241751671178,-1.2661267739445952,-1.2439920748734306,-0.9262398912912067,-0.5886205487422393,-0.6830439855768782
-0.06595324564569208,0.7158406417805958,0.9452014822801369,-0.46185532672042096,-0.18099457740668956,-0.054964628849655695
0.33593747892912595,0.18760695883904815,0.06950379824542777,1.2354136408308396,0.423894886687471,1.20587710133509
-0.8213759070093813,-0.5141403978322812,0.37409527919399554,0.9324851308799156,1.1690263110497392,0.3761942267146078
-1.2859498783692103,-0.8392256323692066,-0.617890170142037,-0.22216689194208736,0.21603539503831165,-0.3530588657593854
-0.6355054392072054,-1.2082537198135932,-0.47932431711271917,-0.3648298186279716,-0.7341941173900419,-0.3909474688546066
0.4166353817148319,0.24956323141250109,1.2989532340810168,-1.3421262258466853,-1.2791973463554542,-2.110961820286338
-0.031080833320851153,0.2430950320038759,0.0073496263192247,0.8553992632404167,0.16924324935278862,0.767936016003101
-0.5921586646736154,-0.6457686185411545,-0.5281662631778042,-1.2145529658507865,-0.4002081327734234,-2.085772822894806
-0.8959412497326902,-0.26975364954941944,0.030553566818424534,-0.10583422533584941,-0.17341086652840756,-0.5399490817552248
0.6468958455949005,0.6413729117632734,0.24679197929666938,0.4739452451733033,0.1739809093902457,-0.22573704961815247
1.571505127859432,1.2152067295301379,1.1098803735905085,0.6315224946389806,-1.0421423447496698,-0.7254178712368775
-1.335052122470327,-0.9041990656289138,-0.8220581394822033,-0.6372257827950049,-0.46238901221591444,-0.31306068549727856
1.4177569461356072,1.1796595257511053,0.036669819584165236,0.9457372479514662,0.5352483852913597,0.10377245091552367
0.651180018762778,0.23083070084854873,0.564238685849776,-0.35108466015849954,0.050031475009702786,0.35844749658665936
1.2165603265461364,1.1070250917001503,0.37065382826688387,-0.4200715757753218,-1.0321721205300367,-0.47418293189172955
-0.6092462248185376,-1.2381744153582162,-0.6364438370566342,-0.6408222224706992,-0.5150602647530362,-0.7440352894713431
0.23978404349022847,-0.0454804275563207,-0.45719552196674174,-0.8027750828989988,-0.2207790128059126,-0.10095272309484227
-0.0667014586284777,0.026089905525269463,1.1017079819453772,-0.590489535874515,-0.6665378907831749,-0.3425856994429922
-1.089100924459317,-1.3015201010331179,-1.373096989394754,-1.262939502192328,-1.302856934066774,-1.1802250044669362
1.3613585295238222,0.4947343528053033,0.6604075960919881,0.48176777840700874,0.5919414983045931,0.28126499828191676
0.6955022092405214,1.3145233640883998,0.7286263414934392,1.5183603618968189,1.9469949448251187,2.735770326511454
0.21257745915065124,0.743130049996746,0.42555185689699815,-0.39803808112607003,-1.0853958229195575,-0.43617828297180317
-1.3509444730172082,-1.8183692727020684,-1.22725365661745,0.25574903316061254,-0.3663220248603568,-0.42445008491782815
-1.224746351620452,-0.6330819166450394,-0.44267218877102066,-0.7702165413808424,-0.4214957058345685,-0.0746554706289776
-0.22557070629009962,0.218154821797806,0.13913407082643464,-0.6244235337795339,0.56020610962085,-0.36809788749453176
1.338681806979142,0.8536364399305243,0.5685713696179822,-0.5812267098636797,0.20047943060479834,-0.5384894471364006
0.20481141121571572,0.4082325050097737,-0.5214370187518831,-0.7084996518308462,-1.126961725078751,-1.0157074973915579
-1.0398545299314017,-1.346300612718803,-0.41375183787776126,-0.7735192371454148,-0.16623202389713154,-0.3803136477555476
0.4918670550882368,0.023631628124766046,0.02844723320795759,1.3569911800975536,0.9416543508815599,1.5327985025267905
0.4951056207908784,0.512216430465628,0.8319636848451131,1.4514242215220712,0.5878707010561152,0.8623049270851647
-0.7985511656392198,-0.5417033716153677,-0.6786413594017469,-0.26885293387631193,-0.7999379969393079,-0.9525385240658648
-0.30748765890410323,-1.809398415762577,-1.6181892044788282,-0.3185651330029415,-0.661476261083855,-0.4432132481693035
1.0237588715323462,1.4626891275600509,2.3504387134239995,-0.0733725412278542,-0.2204016042387495,-0.666121448382534
0.4029408618391462,-0.4647112240508033,0.6577342731256123,-0.2580254232791524,-1.260450700231595,-0.8877621660121684
0.26289442240494176,0.3220143669076189,0.6954153893871191,-0.5368628955726985,0.7048708737712128,0.6552791083879734
-0.24238273535662636,-1.2399116316569265,-0.5600730363685102,0.5065320596720572,-1.3041650055781469,-0.192751198664792
-1.010223286505571,-0.06212330563655427,-0.7398490551910268,0.4731583009737506,0.49079318542324374,1.1058127841444958
-0.5778712353032655,-0.35585850849049716,-1.0480436900342547,-0.4902968555656918,-1.3296808265086673,-1.1330125824935982
-1.0151027753656283,-1.6358629484843288,-0.7829803931196053,0.44563639956198847,0.06957052271742795,-0.6580892401909237
1.223557984037345,1.5422301906846125,0.2682685154813178,-0.1977422897181772,0.7513020204783278,0.3124916377107075
0.11905916502938745,0.7906678397884597,0.14209322903100052,0.5128466837659768,1.4164093430336717,0.09793433027556506
0.7076923998735227,1.2049170606959068,1.1227163074879727,0.06908424888597389,-0.10414152152076545,1.2582978279805757
-0.07103335198639057,-0.47178053824725363,0.17983400994519785,0.7948229267619369,0.654280797076832,1.0068785278617571
-0.08476627073537041,0.7106129694083365,1.2377469700022175,1.4812603854317448,1.046835013063677,0.868269640127566
-0.16051234139982434,-0.1605277319631469,-0.10297228527191313,-0.5489116331706546,-1.6708107046511316,-0.46006657765779446
-1.1002935024875597,-0.6088537060366438,-1.3823096024507917,1.7818104059426796,1.59350780136393,1.5190573291871243
0.6793410061912851,1.6389258905748065,1.3797748333202469,-0.6936208597574063,0.11297662545867708,0.12456035680631256
0.08982844553584785,0.011593768111324579,-0.06410477260176042,1.793961828194056,1.5903203804710593,-0.28632309068949247
-1.11795659720733,-1.038586276770768,-1.6081126861053698,-0.7841038071644695,-0.275161118938665,-1.1706167341870186
0.6265813458757191,0.011183762804447883,0.12823808948349702,0.41347571655774856,-0.44360584199165676,-0.03606162621247935
-0.8624899354559525,0.8096850678089658,0.259436149207649,-0.21339143468423494,0.13564547559855752,-0.7490848653296771
0.9429466589592144,0.31851004182286413,0.21484499545314367,0.9384979171963989,0.8449544470696144,1.3147178055923323
0.2520198873959825,0.4578161627992058,0.09164876422655763,0.7551494402963923,0.308059896226638,1.4586657292731846
-2.3505782084115543,-0.9775150404594417,-0.8219980379937848,-0.6274633943317138,0.6591085081479462,0.3113591409227595
-0.35945296920634956,-0.802634677621553,-0.7489536134245955,-1.1536074475360132,-0.8648555675178689,-0.26479683204592985
-0.654342839575443,-1.1188824217134656,-0.2604206508119252,0.05940384662413173,-0.08771864776341792,0.05768048109923618
0.47816510353984043,0.06992287389731444,0.18412509997388,-1.7054823817620859,-0.7507822817555937,-0.9202317277518612
-0.22190621629619284,-1.3796802665095051,-0.5640592882129627,0.12010589572400404,-0.6576140511394302,-0.17512077375820542
-0.7876711364479736,0.552076320085874,-0.24404572181274675,0.8999571292250781,1.7495183111709172,1.3679448682603566
0.4262776307682392,0.3372472106776945,0.29705545609109607,1.3531842414690285,1.0364150357197546,0.7852245818085546
0.46703275825207835,-0.2716651024880574,0.8918639858083283,-0.5313705035730747,0.2582604667606151,-0.33409137191220506
0.2784948835849741,-0.45759456715266744,-0.5287679824171239,0.3784792310856717,0.593142730030733,0.17667023894603842
-0.5460571212480315,-0.6423444568249189,-0.5728294336778792,-1.6452830727640437,-0.7375366386557789,-0.2439732178720596
0.08917755420002595,-0.9150850550602921,-0.011087943504089717,0.11837209378923835,1.1279441524498077,-0.49142774063517314
2.0258587699856654,2.9372659260877447,2.0585643104437743,2.0067139758611194,1.8368175607520858,1.5881395221696342
-0.3614087279766325,-1.0473088606532364,-0.21651315295994283,-0.9330823818937155,-0.1957584359715129,-0.16339708713351703
-1.5071561925523997,-1.1963959273688163,-1.3340878206835756,-1.1011754084422745,-0.8216731944743053,-0.9834618957835384
0.5183282238030574,-0.09995667654257312,0.6016058439036231,0.46457781650165186,0.6968982541932733,0.5788062511044498
-0.05236568620798898,-0.4963043687904095,-0.6383462195688933,-0.3718017873472227,-1.5482089620107482,-0.5137668152730464
-0.8352164358332713,-1.5753107325045248,-1.4806746907181028,-0.0982038685708034,-0.04107043537802352,-1.1200906076688049
-1.65992238903022,-0.7815956420108175,-1.0918565125238773,0.06061838492014615,-0.6982702077518406,-1.2942671508201329
-1.281521140539125,-1.9091391755973337,-0.7238721642072503,-0.24786897848777695,-0.39323425181641,0.3756687406782131
-1.013553311191892,-1.6150278708363721,-2.2643742865837764,-1.0716323242269392,-1.1140310899178787,-0.9755918847708996
2.0163213186838878,0.8796493034226509,2.3300417731394196,-1.2487558427302357,-0.309029551910894,-1.554039913776415
-1.1123562192031033,0.13531373643361855,-0.7933091488525644,1.7378174371213464,1.3197972343964501,1.18376902070211
2.8206297187295015,1.8965689115131485,1.1736365386234557,-1.0082046275145,-0.19487861831718284,-0.4968641838525902
-0.9656198229423207,-0.550907518683637,-0.5024710993456069,0.07195822772220334,-0.41823179518352055,-0.06209056083481024
0.9563976893148627,1.4956846384328224,1.5248500871081125,-0.682230604441998,-0.6572560703021684,-0.5413991322618855
-0.4859473175025221,-0.5834321850226691,-0.5559271573729623,0.3116763524680288,0.022648295248469674,0.6047992125244089
0.6385693056529538,-0.4445430901937597,0.296836368612343,-0.3564193574072686,-0.06322323376102032,-0.24739339178435316
-0.898667628419065,-0.8746767791282526,-0.14918025656649014,-0.6503475292621105,-2.047629617924244,-0.8135412531740782
0.3181521581988117,-0.2874500757751381,0.06755012792918494,-0.5533084528086416,-0.2892314687775107,-0.92779101344367
-0.92475129896939,0.5150729449482134,-0.3084951556785705,-0.626032316344131,-1.0055689446419107,-1.0116069250797426
0.40027543477551675,0.17725152722078769,0.550799705770203,1.0609687950511932,0.9746499825927155,0.8398483545189366
0.869514795194042,-0.3110817390589687,0.10166765999657341,0.8066584787200244,0.8561746196517889,-0.3857926899421921
-0.09802723137370616,0.65103366278738,0.2658485602986572,0.09325141339681582,-0.0899215150903548,-0.16999357402560217
-0.41589842227630125,-0.6072627421491569,-0.5084262898663277,0.21640902373612853,-0.17599519659852073,0.4249262997408205
1.4428976439492067,-0.5586336901672617,0.18236343244257808,1.3227204474246195,1.815114401819585,1.4813043493282791
1.6401032255549528,1.7668711191688578,1.2072302623561761,0.975436262079105,-0.5295459024162429,1.0644638659755232
-0.5529089466026028,-0.2541251179832565,-1.138704705564193,-1.3400813452786122,-0.8830949530766302,-0.8245079410749893
1.1065701495903013,1.4208014210072044,0.05258838653328035,0.7675322576993864,0.3794602213047508,0.1517797677513937
-0.45234573145733126,0.3247915552671685,-0.8374774499385489,-1.0558771441827726,-1.9078656056847492,-1.173146960034491
0.7337668422704168,1.2900340781830377,0.5915331279451941,0.1439177662117589,0.25195981270745793,0.9372634067675616
-0.6941633921451752,-1.0770852261137733,-0.9072786084466631,-1.1934926051648582,-0.34539481786644,-1.1775059678986477
0.5545288529467953,0.26353763964189586,1.261353692775641,-0.4267158400552908,0.03270973845237583,0.8591420844825748
0.2920395626816964,-0.5479470527735153,-0.10890890069773507,-0.11110802264633494,0.005438261407366848,-0.4014565431295237
-0.226519832570592,-0.885222225714315,-0.10795048579905939,0.29936157490111076,-0.025713458343929185,-0.6325780112017707
1.3653670725845541,0.8826564807019343,0.5750046650832054,-2.0324477565228514,-2.379571266001327,-2.1845208675023073
-0.4138440753312155,0.40162853034967194,-0.44474608998752063,0.4056210573449306,-0.14538551493482832,0.22329258411857233
0.13597575765283965,0.5590837751088658,-0.0520650384834459,-0.9755699785894203,-0.8564139016515372,-0.48488537971478873
-1.9346548644165789,-1.0837466072460227,-1.4229011477354374,1.1552971562353236,-0.7994832223979146,0.23339567989535814
0.7209151702621832,0.843402846713513,1.1960908426723675,-2.1007712212099205,-0.7847217690078632,-0.13102711470971162
0.4541626543803945,0.7155057623676865,1.0494681103390169,-0.25021645214064475,-0.37825180012660964,-1.2108576371759048
0.1340964959942653,-0.2548538203552316,-0.5512797007400634,-0.791482723521082,-1.0615286954650704,-0.9778869337861932
0.13527054183411324,-0.6581075251577938,0.3021747878190256,0.37763128512029753,0.6266493864109687,1.7586341950014368
1.14666499687025,0.7407599689252199,0.07123565268634463,1.2059422705117742,1.4196058819191775,1.2586363404391654
0.9449462607434294,0.9350472872348238,0.749673856863563,-0.17987989899657547,0.27349695857146145,0.777812093993669
0.8232965029100607,1.2884998882439136,0.8738145583074894,0.5756956728365683,0.4159501164988247,1.0593190866637998
0.8606958654697906,-0.013805935032157324,0.8668157813073701,-0.5030512804659891,-0.3578783557513625,-0.024981699586238054
-0.23779206852122448,0.34708090574469197,-0.3368186477445984,-0.8298104257204145,-0.8084528971929759,-0.739406822277001
1.1684729853609117,0.8484007396035463,1.4032683523660858,0.17675538672225743,-1.199112791516474,-0.7436447321533832
0.07752502569406838,0.20824243070075188,0.25457555720205366,-0.5500055051245849,-0.4989850145705066,-0.15926619346684323
0.46456128537309826,1.3700228000221133,0.44442732302580507,1.9821259368751163,0.535715802634565,0.6165785856479213
0.9466908622215899,2.2428421130633356,1.8147663512710057,0.9002965105068468,0.2151167950501992,0.6973746866554705
-1.7689714925201776,-0.5310132991116483,-0.7396382082682504,-0.16781899656440352,-1.3823899664829318,-0.5680064242079664
-0.6799412290925377,-0.4109497095256329,-0.3471926117632255,-1.2482304441611562,-0.4288124225981215,0.035585598131185225
0.5264851231991368,1.2254943646742391,1.2129656730773952,0.5258058288647982,-0.1286382117657605,0.37527093975904535
-0.8078035231217977,-0.7428880084466088,-0.7934993097684236,-1.080222404968854,-0.8829954161732512,-0.5454441057008464
-0.2324223839226044,-0.34223947051557446,0.0036787747588322914,-1.8343820768701078,-0.6928369908525005,-0.8502063936283079
-0.48784918779323777,-0.024223348897240482,-1.3329647091217562,-0.7057316919351967,0.2565477924495295,0.18164703140820954
1.0617054005441704,0.7498410640860875,1.1381156522938782,1.0222278607362254,0.8476599418625215,0.3665258260803802
-2.7510551584019356,-1.3266558284773287,-1.0389064197692401,0.30441571775718884,-0.5112574718323981,0.40169971204176785
0.48625425570598213,0.8175760342399259,-0.3231314503711417,0.23641102257654997,0.6574951730289613,0.31915941056968505
0.583846496717418,1.0892488479797104,1.2885825985324328,-1.4493863499297226,-1.2061840381249012,-1.479873965439338
0.2514334131986776,-0.7600031031450305,-0.6485214247378066,0.4185581968029597,0.7500435407817518,-0.2897386718467486
-1.7073141521522508,-1.8817812708630535,-1.0186057758511122,0.5193621807544682,0.6966750766139778,1.2517047991160277
0.09064946439258614,0.5073319676365184,0.16547676969435618,1.0165542917381858,0.9039991115942557,0.2996564574468412
-0.4512718492510183,0.1635413363278081,-0.18195278695260197,-0.03471634016722014,0.819709345773511,0.05301261980395039
1.5136959282874003,1.297129847940815,0.8900224543624655,0.3639043512549256,0.24086473328889302,0.5217739700254824
0.04770486182920161,0.3223585972042331,0.5699682517869264,-0.01309826389126506,-0.03936916962971379,-0.3365041541938636
-1.1844418155723182,-1.492416140739265,-0.28329516427259643,0.6096540732710263,0.4012497246704656,-0.8781753592871486
0.24250596267375246,0.5830650377793556,-0.29316057083137526,0.3371141820300825,-0.6388848544648342,0.38078085401431727
0.21540391108477197,0.680923530946141,-0.055591146246710466,-0.5025602398767799,-0.18289772050525244,-1.0434149828111972
-0.46347683112446036,-0.8417488097383288,-0.13331963417458534,0.9109462646684985,0.3943815706396686,1.2346268721857796
-0.8795822566181755,-1.1651098555933257,-0.811181843571512,-0.2500717941951856,-0.45690412259977486,-0.6712661512181728
0.5248807308226705,-0.24402295792783935,0.19840013913326524,0.7620338202902873,0.4522083928142421,0.7971411941121218
-0.20915815109777666,0.43733294873529593,0.3227827156033924,-0.24841086840802262,1.5340719177413937,-0.4405909383248141
0.4923951312419713,1.2302751123743942,0.4990677647774736,0.09935175965740828,0.26770246978002366,1.0942213317956484
-0.18861852765300402,1.2727813364778904,0.4794682613751393,1.3809562317101824,1.5664555179219666,1.1993120418127257
0.025319760086851162,-0.12480709606623297,-1.0174118070537777,-1.8049504558735159,-1.9218495204347166,-0.8306442030831451
0.6300889429611408,1.8564389536025883,1.0851104487315355,-0.7286045914847858,-0.40740980179422315,-0.6009053619397237
-0.35631885694649856,0.3200150228650229,-0.4115681525281801,0.0772637983905401,0.8274906684151724,0.1107942132314732
-1.7454447448881385,-1.798538037781625,-1.576211271858171,-0.26111032967523495,-1.1536891365121364,-0.8458490728793444
-2.159815212051658,-1.6143623064795687,-1.0637151870107884,-1.2564748365430773,-0.42716562850380246,-1.1771727635292029
0.27526330795554294,0.14463239294565944,0.40789931307439625,0.17509340251697453,0.3371842408302055,0.2826547789696959
-0.2507317357524791,0.21358299273626108,0.23002840001221064,-1.1424615645449632,-1.211839536077873,-0.6166775960242301
-1.9487728004834586,-1.8624383191875975,-1.5672442129236748,0.5759365319859242,-0.9089106200616517,0.268977939816545
-1.1834092722961547,-0.18715123826837926,0.4015133374629244,0.540231850019744,0.3505542090846152,0.04577897755832744
0.5893582844027337,0.4337731675432446,0.14459013638871326,0.050344481305381134,0.2982456402590997,-0.21338099708664732
0.268200786404082,-0.007628026767327878,0.7193799902088542,0.5047778757148174,0.3901756932991123,0.6327813378772402
0.3931248748805125,0.46825246158520817,0.4725384723144358,-0.5519251484739528,-0.687865063970533,0.5296006283775156
-0.32738946233355,-0.4048371158792467,0.07941523570337504,0.2527942228251723,-0.5115158360066482,0.6339679115219795
0.574661104203603,0.056416187882304014,1.0896357256402078,0.04861391698035347,-0.7412705042323777,0.5651398813296464
0.686808741158939,0.3464113709805069,1.0671236019465107,-0.08887030523575369,-0.13384138937353177,-0.4571638437640547
0.2507508680280883,0.25074256610330414,-0.03419750207811751,0.29636715764602406,0.6629763907935684,0.5433767674574824
-2.3241589730811913,-2.3515816855977145,-1.205646855677251,-2.4073336413384845,-1.1788785645816273,-1.2223210241942615
-0.8303989568431277,-1.6837421601786051,-0.8574426877890363,-2.193722664179932,-1.9213532304338872,-1.3760641148519313
-0.6758182344974284,0.05216645286706034,-0.8844774578201541,0.6642874549179453,0.8755236340270626,0.7877073791073101
0.6542719496190601,-0.5275422302854504,-0.8101465054775743,-0.3177071399075795,0.40280910644579954,0.34827417446138814
1.0501581074367403,0.5107353702750397,1.1739268363090167,0.6199535055424894,1.6806745357769926,2.269688457835863
0.2449512571332258,0.41358309343678934,-0.20250415583282955,0.2613589236938366,0.733595013604527,0.4522503674678338
-0.6611905550222159,0.7185472341495048,0.1454068828241012,-0.4898465019422661,-0.7532897334437925,-0.6593644108570643
-0.18952612600778979,-0.6824324444466507,-0.2512948000562357,-1.3320711793021438,-1.3535312380829938,-1.699206950926286
-1.6362958298595727,-0.8375057489912844,-0.6141710206203234,-0.9539852523518646,-0.4172462833814545,-0.27082972099305713
-0.15525860410724102,0.44899814244307323,0.8318167573042812,1.6311507950987318,0.8919614139013857,1.3160197555099995
-0.6063792140634277,-0.628029184747888,-0.9907642915072025,-0.0345455179257004,-0.19591164406214379,0.4163890543224369
-0.6971686545654078,-0.4259715883526803,-0.6453026870825955,0.644147054511157,0.24250786530473636,0.6333706872256235
0.10391034353005324,-0.7349878454940906,-0.9969707678656208,-0.783261540540248,-1.277345938168289,-2.0597070636009125
0.3609187482254944,0.9528160683214764,0.4937032844477006,-0.6215985097837436,0.3158908512695594,-0.8483648652604021
-0.893264442817488,-0.465764126701899,-0.2515130680017256,-0.6858375874157783,-0.4723422241672745,-0.686161320514778
-0.2604148047582685,-0.5431730581032165,-0.4083895351900215,0.32527440591131374,0.31956950013662083,0.6144520580643066
0.13128628435429768,-0.0727363040548496,-0.48014463176482775,0.2744572338605636,0.20550184736831517,0.3075328954668557
1.4145400369090726,0.23384288843230186,0.5094084391330107,1.5735294400753521,1.088885381080174,1.9945895551936332
-0.5920323836552411,-0.3327781356311231,-0.673255781649194,-1.3739509993775052,-1.0470410255854596,-0.6701029512967527
0.9642217913584693,1.3172952688150303,0.6877468932288231,-0.3079441344481578,1.1282605316885803,-0.0012736573905652582
0.6062449712898021,0.5810322073987724,0.37517760532418415,0.8396171451392687,0.2907519197715005,0.38140671550201666
-0.09861133825526736,0.28313482002785617,-0.45539231823783577,-0.21810056654765536,0.342845079235937,0.508017927437193
1.9181476419003534,1.4105523213589901,1.7744259974822245,1.521948262062597,1.6156948906553874,1.126657912219041
0.6570452243313445,0.36110413380945244,0.32882334331429186,0.6963357276810408,1.3962422769651488,-0.6535492746809783
0.4441565613016751,0.4030521753061514,0.3282162285158908,-1.0538172718889098,-0.6076536297804671,-1.085622386944056
0.4146390786910544,0.2691875969134895,0.4483190175787306,0.24109456213595404,0.3019165039693504,-0.16948449650753378
1.1223042197562525,0.21591984011769833,-0.6600508309583405,-1.0863733092085672,-1.3611667178059383,-0.5598621704736181
-1.5337646890703045,-1.7139146994351764,-0.31142966653561144,-1.5703012047893206,-1.4664284383389636,-1.949549849433299
-1.389390019984575,-0.8902769028894763,-0.7272494304961905,-1.3140188444519327,-0.5927522409352313,-0.37060946781393633
-0.13764727767306578,-0.29533470117814825,-0.35116338439717043,1.4408791341709792,1.449804644449345,1.6135584465159793
1.274970876519568,0.552724884391967,0.5208205148661161,-0.4621285029921342,-0.28078911938524137,-0.8135543079102727
0.5931360029605106,0.6405330074058568,0.8043009144445565,0.5093526641887558,-0.6430396717918478,-0.26131514862304966
-0.20388354201214084,-0.22960713695739246,-0.48195671798185874,-0.5486787657256861,0.13804541206857396,-0.230250284107798
0.5001081115283443,0.05616997138445862,-0.07838939794137911,-0.10405541324006902,-0.09365350830377935,0.05415450422437876
1.7205260984611779,0.7513782046742893,0.905885956785789,-1.2920680256307837,-1.2759842879380179,-0.03389093061496462
-0.15072727842058864,-0.07536947639981278,0.11672651543593068,2.038186301493068,1.5430782264017333,1.681450613314301
0.8750043177033844,0.019594858985573338,-0.3993360727967761,1.5930467089523723,1.3299064517205375,0.735170762463687
-0.5806813051855668,-0.1793238124679778,0.06848598290556346,0.9983261345288769,-0.017151040468016854,0.37308602895935505
0.24134778332213047,-1.1397188360240136,0.41693516043941065,-0.6741071418635295,0.013074807023563506,-0.011117049209742852
-0.09249190532585017,-0.2721506222983387,-1.5939033310384076,-0.08685781372669549,0.267995967918328,0.17449588268011212
-0.39974639932672473,-0.18360015639094412,-0.2889934892210105,0.3508907459826572,-0.4593933061470096,0.21836624397544419
1.0922484109429809,0.37824370077230207,1.0621011020287077,0.810530810004662,0.4947817454279381,-1.0678646045522215
-0.7587421921339954,0.7021934080797723,-0.42361784138631964,-0.5583168603166605,0.8533981991877908,0.30947348503295546
0.3438394881403613,0.0334586810086773,0.037057828686244604,0.8809245562890107,0.9692291261313501,1.664293036898528
-1.061732753002329,-2.1350483614096305,-1.0977669454810122,0.06203984273001861,0.0147989242200125,-0.5184677042704033
-1.2179306787872615,-1.2998840410790367,-0.3106885914617801,-1.732630645005994,-1.6482476813191949,-1.2838367527222228
0.9600083145308473,0.7566650822625635,-0.24374116758486364,0.6569194453833294,1.042179197815808,0.4728727683932158
0.1450870003561774,-0.7589665776475891,0.002201738731462899,-1.156311602432711,-0.862916337571425,-0.9620677316227644
-1.8100195367099814,-2.279748247011553,-1.8790906432458339,-0.5663994699877531,-0.982029412783017,-0.3464312539288222
2.9852942477332434,1.7588652759621501,1.9047939239303258,1.1559494462869075,1.202339431859772,0.4307121286106377
-1.4736747242203738,-0.11740091472026135,-1.367210006140001,0.97757869291885,0.34113755625477354,0.7474308412901349
-1.6844490308467908,-1.913945632135502,-0.9901975423674666,-0.40907607343781655,-0.6783296467431176,-0.24807669520832326
1.316318064645003,0.4372295033047226,0.537603571158458,0.3208388270437451,0.6161040968200612,-0.14082883542928223
-0.2575331684782125,0.5599376153502639,0.9360776159932849,-0.0816133846439332,0.2977401602103527,-0.030504419901300206
1.1417367495927304,0.7352443281793375,0.7266028778538414,-0.20414463306937075,-0.4327924726053271,-0.3595439695187551
0.3478129602512947,-0.06619679198624573,0.777454141923844,1.538726714262713,1.9005440777709959,1.892247750994387
-0.15838986304306002,-1.3098771050779885,-0.8820087122691129,-0.5910210433901684,0.32806293525034813,-0.0038497933115002603
1.5532217932859513,0.798632074238735,0.5280420020696039,0.3355117917984328,-0.4384379084787223,-0.17444793181166673
1.027153465413162,1.7032961273713538,0.8009344025201257,-1.3113087676647686,0.10567151633895638,-0.5541437626179677
1.1963690036941004,1.0719899393448957,0.9019393961117749,0.6063464728745496,-0.37291799621402244,-0.06786405065211001
0.6708719217279682,0.1520411718375413,-0.46496694176210546,1.578447204133724,1.717665423449525,1.0879662128957148
-1.2659091108591225,-0.09480978645740484,-1.0472449856460275,-0.6501150499027093,-1.1594658646943163,-1.1988016696148138
-0.5124774790442301,-0.3510569638170619,-0.5812719607615928,0.5819272149084933,0.07123461147162566,0.7352914473010992
-1.0623322429397337,-1.3925994117060563,-1.4538307531183325,-0.3879725196685017,0.3740692462013341,0.20837728198364813
-1.3837237756494196,-0.4729782818495029,-0.7252146024604704,1.5734279133018738,0.01379342255552174,0.127922436752283
-1.4945784820332295,-1.3031366740821955,-2.050552824612077,-1.153117270837392,-0.6717574486142064,-1.7175039664433311
-2.2693346256511773,-1.5151155637629896,-0.5243884244239622,-1.025708927889605,-0.8272207661772601,-0.15247886136266642
1.128308188317345,-0.10071638090249654,0.1568282738237307,0.7013101393553696,-0.7822597577571175,0.34933613898983856
-0.6768625318589843,-0.16779834222159984,-0.2945021131627369,-0.5837908743144034,-0.5997911563234717,0.0002881755007462239
0.5098496859748509,-0.05712051726133503,0.12349588776675235,-0.5294616796615207,-1.163122243220171,-0.36294418854336286
1.0004507034346752,1.8011689606697954,0.35868116139679773,0.39468092964763485,0.949061566132156,0.8678055373252536
0.12289447538048676,0.19083526503624323,0.5408621056949521,0.11131763963602298,0.2904154781051058,0.4491420521244848
0.8888141390900505,0.2555051187353613,-0.5198267422111874,0.7952315818825251,1.0040317971518395,0.8484467387622083
-0.16995850005442467,-0.6463791801584913,-0.39255981257302763,-0.6027146400148349,-0.44160507679040606,0.3758139877985759
-0.4081719160999535,-0.7127268489805072,-0.7865442660404336,-1.0961175899783668,-0.739740228508607,-0.497384165413824
-1.4928850391492223,-1.0502570976590402,-1.8297989228806608,-0.7402138264680738,-0.5103015941819414,-0.8104125907380906
0.7943223557911618,-0.399423318310619,0.06508667615490338,0.2442469286332845,0.19498533877594143,0.17902759526366013
0.01255738260302039,0.30510768685832934,0.6175039834386625,-0.608326626115425,-0.19958791681222554,-0.8491127170932431
1.1387688721728704,0.4431541381379689,1.157896799668681,1.6763369890697122,0.6346494392415789,-0.42404647205167245
-0.43964308036425515,0.336670158163967,0.10448493173271273,-0.42628662707020804,-0.05973359443215903,-0.24701966897460934
1.0055160297654615,0.8532576332364088,1.0780634276867964,0.36667989982967797,0.6306111094113279,0.02079572439315966
-1.4359571983320314,-0.32824704477040867,-0.9197959900445439,0.16299932390904184,-0.21252127441543522,-0.3839245850738197
0.12460147267281005,0.7077699490780941,0.3882983625534199,-1.4637151698614717,-0.7323257235139279,0.18534764677941185
-0.08981612208830472,-0.8860562394409675,0.9120212491634653,-0.8377970195067304,-1.0941461414834857,-1.176021551275511
1.6808022469219608,0.9454395426662563,1.5144431602936859,1.375966476624678,1.246497270265707,1.0058559569432286
-0.24440405017984468,0.335668204042807,-0.547993691565947,-0.46435457023263216,0.5112112085354737,0.5258494174024195
-1.8274638200361384,-1.7974158570615888,-1.8890059293250756,-0.8117031078187675,-1.2492501971085244,-1.1491405628425568
-0.48258752877931976,0.5281337211209981,-1.0399911320982786,-0.6621796622235908,-1.6037662965236366,-0.8138870632517458
0.5761144708599419,-0.10287089192075183,0.7750092800740542,1.4982597448749728,0.6604890163030346,1.811633036503542
-0.37928533585694013,-0.33752459615129804,-0.7039730755116089,-0.7669060328513825,-0.20691928157518125,0.11201749457194432
0.8595762257919376,-0.005438222496019662,0.3359748491886471,1.5102200205618326,0.42932673060845206,1.3507660191945794
0.06985048388949666,-0.5914540414485299,-0.18017432601379468,0.15930309514948054,-0.029527300943498667,0.2847786955243032
0.9247411742395657,0.6845114316274667,1.7621582888864271,-0.5217233791721697,-1.4116223755267918,-0.6295669991355926
-1.1063480151454588,-0.871429037582806,-0.7108303873693458,-0.019534495197310597,-0.4726421450340685,0.2739948130209929
-0.19597482361699822,0.012331806132778067,-0.6987499908028664,1.56941874373455,0.7427839193291567,0.8636403221900754
-0.707852045152736,-0.4552154294662862,0.637461360455909,-1.2667026724999466,-2.156173467431487,-0.7631599877157291
0.10987217162635812,0.935019612716781,0.2923842822911202,-0.31837206088520087,0.17468695528462552,-0.7823785378885129
0.5100179563840264,0.773272993061243,1.2329614348665712,-0.9735200711314826,-1.0301391397365973,-0.004914497489075242
-0.7265193060564872,-0.5727934265201244,-1.254138798504413,0.0637030688750096,0.3069511321540454,0.7656313993383617
0.3080975474575823,1.3852290204477564,0.24840329495175545,0.12738082866932798,1.1423243936567042,0.44697294743595206
-1.5430855379702308,-1.2533027310806357,-0.5441332902790266,0.9216590890356768,-0.21687069833314815,0.27324902754493663
-0.763348257730285,-1.1842476717500285,-0.7373101042851635,0.08718537130643612,0.5344051414615688,0.656319138268105
-1.2424995628264954,-1.0971314191552008,-0.6753664614771528,-0.04865052752261029,0.3860695136292699,0.20168086219404488
-1.2097719484543297,-1.2279208965654487,0.022425447685809008,-1.177157276253639,-0.3448064810872572,-1.1693105177194434
0.7262629018627669,1.6483163059715211,0.035932286523041534,-0.5893188939652585,0.8672719708091783,-0.16722192542903724
-0.3553814200600165,-0.5064689683947264,-0.2365515670940825,0.6718041058439777,0.9153145770093758,1.1875432511955404
-0.8030501686821183,-0.6407109784223166,-0.46317358651961227,-0.6613460483820517,-0.23216955001669623,0.053901193657472965
-0.02663285898477344,-0.013384226179617403,0.14830036476062655,-0.7639259606295721,-0.1134342788045753,0.22586967465469965
0.11459262351551924,0.49167357214020657,0.19529506807612315,-0.2151789431244595,0.37518197267791054,-0.12096303398716612
-0.9910829362569896,0.09996568845947576,0.33477399092787485,0.9492320031219057,1.408271894273099,0.6227159382331525
-1.742239496887919,-1.0788305305490602,-1.6394637776410188,-2.1421798257969518,-1.3865941378835063,-2.600368841862091
0.9679088331089619,1.1261874288272613,1.226628357268744,2.0359835080459976,2.783247885470276,2.2945331646667606
-0.295026390690615,-0.5289440137252784,-0.20357698820236925,-1.9778894189321001,-1.1276742611820634,-1.8764700061682364
0.09891017131518198,0.2579677013304158,-0.13676085988955483,-0.33932263402501894,-0.08110035007054048,-1.5035635302435684
-0.12726167869153288,-0.3604603860828832,-0.2113987416873183,-0.5917631868356821,-0.8971756222988523,-1.3019609068894278
0.4524684496383704,0.543746930986642,0.4836384287092942,0.5504257297547973,0.9480307730493852,-0.09258232904128222
-1.0465396174117738,-0.4354563407320382,-1.7916992709105082,0.49075782972500376,0.03681637991040032,0.24789775818255888
1.252180642353929,1.4890099642597774,2.274042530476083,-0.22615689838550912,-0.08945150449579381,-0.36286407477034066
0.49327777788708854,-0.48234722119708684,-0.2547653513247837,-0.32858741123067553,-0.5820914803973081,-0.22208629916518613
1.425347875605579,0.8282737488387529,-0.03967586140389062,-1.0316032613311599,-1.5799004367849987,-1.980072722987424
0.5512460803846442,0.586765215803153,0.5662738075825258,-0.5073714514213256,-0.34323843695140605,0.07228926967105354
1.637015953790989,1.1826059875626205,0.5561865533258098,0.09668815161554377,0.6320985392459394,-0.5684443930810389
1.5113777408716047,1.2345483664825003,1.4499010113491135,-0.3238148222401006,-0.8901317405349863,-1.4168558379656548
0.261663573264061,0.8884617075579317,0.18314967336482899,0.0019266319773234564,-0.49196858100224683,1.0416345425419222
-0.30592704818674243,-0.2787228271294017,-0.16398684372273736,0.31453092961760487,-0.10725798603280012,0.007031070997628425
0.745231934970164,2.04645371146746,1.0827340146525395,-0.3464916783542661,0.14850759568461547,-0.6209192641943834
-0.6782983786184033,-1.5690875039621524,-0.959763551062597,0.29644340728547747,-0.09382067234130215,-0.054380614673863105
-0.7513116315151915,-0.753566955493165,-0.9083275333053289,-0.5663826038067241,0.27369649992613215,-0.3336012965126638
-0.5894437585718965,-0.5493725782538471,0.35277275673338987,-1.0686575648569108,-1.0393291972598904,-1.313920479204524
-0.9863068763261646,-1.4290362353894714,-1.223683809853797,0.6604996538146378,0.5126263312596212,-0.18519556277602767
-1.05963629492666,-0.727834704634311,0.2826192641914749,-2.9660716670844693,-1.8767162379841507,-2.4406764732907975
0.3696632577274366,0.46549570261832873,0.3737805588428056,0.05617203503356161,0.3252470991162667,-0.010963974461385667
-1.3608887035193802,-0.38198932405084973,-0.22676141216145457,-0.7454232117400406,-1.7880344052179904,-0.8229617202797253
1.0077718644206284,0.21521758482200393,0.6066610202300156,0.3107412972901128,1.2163519477231914,1.1523590472636753
1.199140309021162,2.972247154399391,1.2769794532961023,1.0157140896956989,1.109255882834993,-0.03479846883715326
0.51544022722635,0.21734798151049756,0.512494304462558,0.009030506110630943,0.47131229202448954,-0.06353459959716683
0.6403858826436081,1.1995735854635474,0.8641755512893329,0.9110617751630017,0.2922662784998654,0.008030182604433778
0.693772750524712,0.5812256950720387,1.2039310309575837,0.14730698857901497,-0.27304206798276454,0.341573765853119
0.21957493174794046,-0.2888915679645261,-0.6985916868007407,0.2820962082220127,-0.4520963070883631,-0.3003682548916456
0.6296565594499087,0.41745181009501275,-0.03240781680175242,1.5625704699560643,0.8898706141459183,2.465191247315232
-0.8982828794743651,-0.9736685427725557,-0.11286460956811648,0.30248803398587976,-0.3583410241927638,-0.06277454502835544
-0.6029107087618701,-0.10618650266088084,-0.2755610964036908,-1.0179721100998878,-0.08456843611845706,-1.165601618540236
-0.05852299128934457,0.13453643895602238,0.17977006648898636,-1.527832641188068,-1.4085138336371856,-1.1264319851053826
-0.4010329912089551,-0.22402548006926637,-0.6186776295439729,-0.5720434664933448,-0.48063684164498244,-0.5252811722928952
-2.1313860938084797,-2.034411916397826,-2.040332410137226,-0.8132187832742345,-1.1130890634728448,-1.0889928994640143
-1.0502455268246906,-1.261212212564524,-0.21018591026135003,-0.2170213839103525,-0.6763619170739832,0.1773154233654307
0.6136646838016728,0.16504003891108765,1.2263731217512592,-0.3264455770912864,-0.20085519523794249,-0.0973631520933486
-0.31618128008272417,-0.7726366904955544,-1.2640200380158377,0.09609964685254255,-0.41558333986859564,0.7581569223252318
0.7412391406425385,-0.3652795803906236,0.8464378316732526,0.19921931576931384,0.13457106097544902,0.19321693973208842
-1.1314970946313951,-0.18868024086040253,-0.9343725136628231,0.4567119087648499,-0.2905031060654293,0.055450433098661656
-0.41679143732731994,0.3353204928724981,0.2376225582752583,0.6204030191933688,-0.15530653745243783,0.301924732432718
-0.2765034859515074,0.4863685438794835,0.5557136119155037,1.0353397530060213,0.1843519785602215,-0.7423076909573336
-1.624403810469864,-0.138389143011727,-0.9057236350617827,-0.45100161025397867,0.5748719268490086,0.5091088142159279
-0.27913917903703456,-0.47243254036677546,-0.2677231020253227,-0.8915584814452606,-0.22350041863874792,-0.6715478066842973
-0.8554943898998713,-0.5435745565287399,-1.5865013122053373,0.7319392850461799,0.14723414467796794,-0.7303924107989159
-1.3406662278327308,-0.8747092540939916,-0.05773022876828948,-0.8017096591365281,-0.7363880503391451,0.14478075094498188
-0.535231590490651,0.08472361652722057,0.12607167228734956,0.5614742897448579,0.8443343377608006,0.06482705296038993
-1.3397963475141084,-2.2417757361531363,-0.757218352105186,-1.4399981822227084,-1.0019655898036508,-1.185670266246944
-0.6060259913614197,-0.7358012013633048,-0.5193557977758458,1.2197538616730579,0.6045348547441256,0.9204108974725189
0.028256820655858716,1.3618866545853339,0.19579790360634053,1.3374669589243628,0.5298459289203549,0.6679308561595322
-1.6186961550684082,-1.224233736975791,-0.7593488352967265,-0.29594306819710403,-0.9107837943675072,-0.2180089961088303
0.6524065060630271,1.0769320399414584,0.2898143204653946,1.1670010562139401,-0.10755048560136388,-0.2817251078980029
-0.12429982636160936,1.4323645677099588,0.7434850313365199,-0.24561724087748787,0.5036177932263527,0.20552873059629173
1.1230842517732282,-0.46419911715622353,0.08319451402207977,-0.0538249822047214,-0.7278463317368448,0.6017377879071701
0.581236289350876,1.0372108263493176,1.6466849569049966,0.5644237031416452,0.532402477625372,0.6571930431911739
-1.076363142204967,-1.8070151404845232,-1.5302065425507405,-1.4840668721032468,-1.7580445199372912,-2.5742093068103564
0.36874251768630084,1.6050239509501654,0.9414757604046174,0.7073664454079379,0.9643712838384364,0.8874513379266824
-0.6714019441391592,-1.6556611033033026,-1.1858549963883238,-1.4671005374993118,-1.5928955690591748,-1.0955793033710872
-0.38096664937100533,0.37460975403007457,0.6070789147424296,0.9736424093983211,0.7755841758066935,0.6133908783410438
1.1140223564104212,1.3932411610430488,1.8509986781052752,0.5392346819545359,0.2564505622344509,0.2297768366483076
-0.2963037856528737,-0.5808384144083817,-0.08647174131081625,-0.516396474589396,-0.32556303949440957,-0.00317550741942374
0.42737098891556025,-0.4567088156963796,-0.41353783198412725,-0.2723637983480607,-0.42575974492108065,-0.7211597552685709
-0.8059400668745718,-0.6675184017956867,-0.9104412343595495,1.3953924613479953,1.9146094349313916,1.4730326788800174
2.654053674238209,1.5860122877962546,1.1758907173564999,1.0892155842462456,1.235233163276984,1.0803567793193851
0.2833417108189865,-0.9427791089521598,-0.21527358607154434,0.685418188583266,-0.203857050605188,0.8992854590602822
1.126386292380484,0.16037226905419089,0.4658455273073471,-0.35841027759043403,-0.1386097272802264,0.8133765673454958
0.853381900217804,0.5335932829899068,1.0097914080800012,0.39817784684943924,0.45210840120353335,0.8399397749087893
0.1329220058602335,0.24313227402725862,0.6191912760486361,1.019760856164894,1.1458539836452402,0.18355733601303342
0.5160916485441079,-0.36481214551723207,0.9711676352238249,-1.9030067244100142,-0.6887741712290428,-1.5269069684682488
0.9172385707011035,0.24538134221416708,-0.42648228198876614,-0.6715987751323725,-0.05306926517457655,0.08853667060314285
-0.8875131204579422,-0.6875119989013319,-0.47053897469314354,1.2767784918315261,0.48730913412734567,0.7474412745404945
1.6249223071563734,2.0475966831325816,2.0054498595076944,1.6110642536722126,1.4080455938209282,1.3748704359433281
0.03919536298688037,0.32504989866860806,-0.12467817675601942,0.5440872636292428,1.2013479084791658,1.041679243472788
0.3393658902002942,0.2852098008876373,0.12776701236190477,0.4139206391333055,0.13469854146124388,0.3283618807086171
-1.1618429471285643,-0.5941871656340527,-0.44479243571974175,-0.09311073607961767,0.15704721735161362,-0.05740078470712298
-0.3188844823761645,-0.6563265810028265,0.5467362603803188,-0.5565247720011084,-0.726085963959884,-0.02134900698818798
-0.13409120929473461,1.3139358183588166,-0.14221269337790743,0.04593364602310092,-0.24647680093818958,0.10917595173654147
1.903496983715863,1.4310404973866035,2.1025274142798476,1.002743957560249,1.0620125951313428,0.3067784257604457
0.22235966580095415,-0.01441007357545257,-0.25325670534769873,-0.14923909191675078,1.3906008191050405,0.05615862623476546
-0.6405649353477669,-0.3114774710208413,-0.0024025623311348665,0.08809021465139988,0.10410480289535998,0.16464737784776293
-1.1712340836581208,-0.681279980106559,-1.1594783909019075,-0.5079235641806774,-0.6886220263385567,-0.6946326587634861
-0.24301588922822154,-0.43724575788735753,-0.14528514011275817,-1.057171377092835,-0.7000879282009209,-1.7051060221679732
0.8364933007517611,0.5218099834028999,0.6596178232470605,0.5351443939732173,-0.07404305240954256,-0.3746715462453298
-1.7620588476263086,-1.1042205525775168,-0.9462883530034829,-0.8923924859547478,-0.8015143201872537,-0.5006706804883706
0.741696205489504,0.29273672637569725,0.11002886231170272,0.5771232463236498,0.9825872383584817,0.2599742336333499
0.7724492155110423,1.251563380462965,0.13423056852866044,0.04081365852494895,0.6442009617967284,-0.1096896886884304
